id,content,embedding,chunk_id,property_type,location,price,bedrooms,created_at,updated_at,flat_id,bloco,tipologia,piso
1,"Composto por dois blocos com oito apartamentos cada, o Evergreen Pure apresenta tipologias T1, T2, T3 e T3 duplex, com áreas totais entre os 56 m² e os 117 m². Cada espaço foi projetado com uma abordagem minimalista e elevados padrões de qualidade, oferecendo o máximo conforto e sofisticação. O Flat A, T1, do bloco 1 corresponde à tipologia T1 R/C Traseiras DRT e apresenta um espaço exterior muito generoso, complementado por uma distribuição interior otimizada. A área total é de 158,18 m², dos quais 45,76 m² correspondem à área útil e 103,48 m² ao terraço. O quarto dispõe de 17,18 m², oferecendo espaço suficiente para acomodar uma cama de casal e mobiliário auxiliar, enquanto a sala/cozinha integradas totalizam 23,54 m², ideais para convívio e refeições em família. A instalação sanitária ocupa 4,80 m², cuidadosamente dimensionados para máxima funcionalidade. Inclui ainda um lugar de garagem e um arrumo no piso –1.","[-0.014210888,-0.026253473,0.043833736,0.00924186,-0.0065314816,-0.007163903,0.014923027,-0.045746945,0.032226935,0.004232974,0.026317246,-0.0030000173,0.0008250712,-0.037392598,0.035819516,0.0011725046,0.003403917,-0.039263293,0.023362402,0.027720267,0.00440038,-0.039050713,-0.015050574,-0.03635096,-0.015018688,-0.01988674,-0.016272902,0.015167492,0.0155395055,0.02208693,-0.009151515,-0.015008058,0.067004815,-0.009114313,0.02508429,-0.00440038,-0.05016858,-0.0068769217,0.03936958,0.017367681,0.025573222,0.091578916,-0.04060254,0.025466932,0.04236694,0.011043465,-0.012903529,0.039518386,-0.014232147,0.022256993,0.00357398,0.007870727,-0.029590959,-0.031631716,-0.017612148,0.028953223,-0.062710725,0.002904357,0.0361809,0.035777,0.055908207,-0.017675921,0.024850454,0.088687845,-0.06862041,0.042622037,-0.025126806,0.04145285,0.020460702,0.024829196,-0.019365922,0.05327223,0.012329566,-0.033311088,0.033353604,0.0044907257,-0.03367247,-0.062753245,-0.054377638,0.0027050644,-0.018855734,0.010862773,-0.061562803,0.027167562,0.013849504,-0.033353604,-0.00025941248,-0.0461721,-0.014540385,0.03598958,-0.011808748,-0.011213528,-0.0074349414,-0.016453594,0.012403969,0.03826417,-0.020853974,-0.014040825,-0.044641532,0.052634493,0.06606947,-0.014285291,0.06934318,-0.009034596,-0.008375602,-0.03888065,-0.070321046,0.013520007,0.014179002,-0.03707373,0.001242257,0.012839755,0.0070416704,0.06411374,0.005766198,-0.034501527,0.040326186,0.029527185,-0.030908948,-0.021427937,0.023617497,0.020078061,-0.0062019844,-0.021066552,0.017006299,-0.027592719,0.029229576,-0.028931966,-0.04038996,0.008869847,0.001883979,-0.0041346564,-0.019652903,0.034331467,-0.053824935,-0.02257586,0.0033853163,0.05964959,0.028358003,-0.03277964,0.03369373,-0.0015186094,0.00025924642,-0.0057555693,-0.028251713,-0.0013279527,-0.006536796,0.0069353813,-0.031249074,0.014816738,6.036904e-05,0.018600639,-0.03237574,-0.03399134,0.028804418,-0.019302148,0.018164853,-0.0076209474,-0.025955863,-0.0026319905,-0.026657373,-0.017272022,-0.0058831163,0.061222676,0.0042940904,0.039263293,-0.022745924,-0.016549254,-0.076230735,0.014625417,0.048127826,-0.02149171,-0.04919072,0.025445674,0.024552844,0.028676871,0.002598775,-0.0100868605,-0.025764542,0.04107021,-0.006164783,-0.007817583,0.042940903,0.025339385,-0.017856613,0.024999259,-0.03539436,-0.00093003194,-0.0022055043,0.009900855,0.0052134935,-0.033800017,-0.024127686,0.06169035,0.016740575,-0.04147411,-0.03807285,0.016442966,-0.022065673,0.03428895,-0.037201278,-0.0132968,0.017367681,-0.037201278,0.009034596,-0.005723682,-0.0012263135,-0.006138211,-0.01064488,0.0050965752,0.05446267,0.026402278,-0.00889642,0.049785938,-0.009034596,0.0043366062,-0.01709133,-0.0022652922,-0.0058565442,0.043918766,-0.06789765,0.017261393,-0.01348812,0.020737056,-0.023511209,0.01014532,-0.027996618,-0.035118006,0.04019864,-0.05097638,-0.024446554,0.0013764473,-0.01729328,-0.049233235,-0.0019264948,0.05339978,0.004139971,0.021566112,0.000553369,-0.029590959,0.017984161,0.0553555,0.020652024,0.017877871,0.013201139,-0.0014216203,-0.007748495,-0.06934318,0.016432336,0.044003796,0.028528066,0.04430141,-0.013403089,0.024956742,0.020067433,-0.013275541,0.030143663,0.04438644,0.04306845,-0.02059888,0.016347304,0.01969542,0.0027768097,-0.03660606,0.04706493,-0.0076422053,0.035947062,0.038306687,-0.00067128375,-0.013254284,-0.017240135,-0.049828455,-0.0139664225,0.0131798815,0.02669989,0.004081512,-0.043196,0.006217928,-0.022256993,0.018239256,0.005266638,0.026614858,-0.0073339664,0.007891986,0.006483651,-0.011234786,0.0010821586,0.035819516,-0.026381021,-0.007535916,0.07814394,0.049956,0.02448907,-0.024467813,-0.00494777,-0.016017808,0.006765318,-0.044854112,0.04944581,-0.026529826,-0.012318937,-0.03688241,0.050636254,0.0045226123,0.0025562593,-0.021980641,0.029399639,0.049530845,0.006988526,-0.027188819,-0.028060393,0.05425009,-0.012659064,-0.02278844,-0.023723787,0.0056227073,0.03879562,0.009124942,-0.01679372,-0.021959383,0.01809045,-0.054335125,0.022554604,0.005333069,0.018823847,0.028634354,-0.016814977,-0.025233096,-0.016453594,-0.01838806,0.01229768,-0.029250834,0.0041904585,0.0061594686,0.010841515,0.041495368,-0.0063720476,0.04085763,-0.009374722,-0.012382711,-0.024106428,-0.04147411,5.393355e-05,0.01148988,0.0103951,-0.026784921,0.037350085,-0.025466932,0.051741663,0.017973531,0.015922148,-0.02208693,-0.007615633,-0.011054094,0.034310207,-0.02710379,0.010825572,-0.0007573117,-0.08902797,0.00744557,-0.019110829,0.031376623,0.0051364335,-0.0022015185,0.009135571,0.009135571,-0.029973602,0.02249083,-0.026210958,-0.007185161,-0.019142715,0.03968845,-0.055100407,-0.01009749,-0.0011020879,0.012680321,0.042494487,0.0038184454,0.015369442,-0.038009077,0.0044668107,0.027826557,-0.022745924,-0.0034358038,0.013849504,0.021268502,0.012031957,0.009911483,-0.013073592,0.016241016,-0.049573362,0.022767182,0.021704288,0.01349875,0.05135902,-0.050041035,0.0537399,0.008954879,0.009592615,-0.04109147,0.008853904,-0.05629085,0.040772602,-0.008455319,0.008423433,-0.01810108,0.06819525,-0.008853904,-0.006265758,-0.116748236,-0.016857494,-0.040730085,0.010527962,-0.024319006,-0.020163093,-0.024382781,0.03277964,0.018930135,-0.0028086966,0.036542285,-0.014742335,0.036032096,-0.019461583,-0.02030127,-0.014827367,0.00016831918,0.019174602,0.011245415,-0.14242776,-0.051826693,0.009172772,-0.0032205677,0.023149824,0.024680391,-0.026210958,0.022150705,-0.08549917,0.00674406,-0.015082461,0.03318354,-0.016368562,-0.025445674,-0.027975362,-0.006536796,-0.026125927,9.51622e-05,0.056418397,0.008125822,0.00220019,0.011521767,-0.055695627,-0.001339246,-0.018143594,-0.002883099,-0.067812614,0.032652095,0.016538626,0.009964628,0.009454439,-0.038349204,0.047617637,0.038901906,-0.045831975,-0.012818498,0.009220603,-0.0020208266,-0.03968845,0.027528945,0.020184351,-0.033204798,0.016868122,-0.03216316,0.007796325,0.004565128,0.026614858,0.020311898,0.0019304806,0.042643294,0.035968322,0.036265932,0.008317143,0.0011107238,-0.030377502,0.037753984,0.02270341,0.051954243,-0.013009818,-0.013318057,-0.027295109,-0.006807834,-0.03919952,0.015720198,0.03939084,-0.0053941854,0.03029247,-0.010161263,-0.04028367,-0.023638755,0.0019783108,-0.008274627,-0.018419947,0.040326186,-0.028528066,-0.0031275647,0.011521767,0.01024098,-0.031865552,-0.043536123,0.022256993,-0.036244676,-0.008301199,-0.01939781,-0.0074030543,0.019142715,0.03987977,0.0019783108,-0.02778404,0.029973602,0.0048069367,-0.049828455,-0.0027369512,-0.012850384,0.023341145,-0.0034676907,0.049956,-0.04115524,-0.0073552243,-0.066026956,0.017856613,-0.04646971,-0.009613873,-0.028272972,-0.029208317,-0.010023087,-0.023319887,0.020673282,0.00282464,-0.012733466,0.020715797,-0.053059652,0.03099398,0.030823916,0.055227954,-0.014349065,-0.013796359,-0.00919403,-0.010735226,-0.016421707,-0.0044960403,0.018366802,0.035713226,-0.016559884,0.042728323,-0.037945304,-0.04519424,0.03635096,0.03858304,0.054887827,0.015943404,0.009544785,-0.017048813,-0.009555414,0.042940903,0.010028401,-0.017314538,0.0062498148,-0.016900009,-0.0076422053,0.00908774,0.02708253,-0.013562523,0.016400449,-0.018706929,0.02068391,-0.037520148,0.017367681,-0.0073605385,0.00269975,-0.03129159,-0.025764542,0.0071585886,-0.0058299717,0.038731843,0.012382711,-0.022171961,0.02697624,0.021502338,0.03579826,0.006786576,0.01828177,0.0015571392,0.00087954453,0.0065102237,-0.029144544,0.031971842,0.01309485,-0.005232094,0.02297976,-0.03479914,0.009576672,0.0065314816,0.0057821414,-0.0066111987,0.005484531,0.0069034942,-0.034607816,-0.05845915,-0.012138246,-0.063518524,-0.026827436,-0.005298525,-0.026912468,-0.00884859,0.014412838,0.0038370462,-0.024616618,-0.003212596,-0.0072701927,0.00033730266,0.040241156,0.008380917,-0.0006908809,-0.030122407,0.007854784,0.026338505,-0.016910639,-0.011457994,-0.01389202,0.031865552,0.0077591236,0.0034411182,0.011192271,0.04060254,0.013796359,-0.026232215,0.02567951,0.009268433,-0.0064145634,0.0065739974,0.00069021655,0.0022466914,0.030143663,0.014519127,-0.0315892,-0.022554604,-0.002782124,-0.0019225089,0.020800829,0.0048388233,-0.01899391,0.026721146,-0.02058825,0.010150635,-0.004958399,0.0041798293,-0.0018892934,0.015008058,0.0055323616,0.024637874,0.03837046,-0.022958502,0.04177172,-0.017048813,0.0075571737,-0.039029457,0.0006045208,-0.03286467,-0.010336641,-0.039837256,0.020418188,0.051018897,0.030377502,0.037520148,0.044641532,0.0074934005,-0.0067334315,-0.019982401,-0.020747684,-0.018632526,0.013286171,-0.011585541,0.0021257873,-0.010235666,0.0026173757,0.0030903632,0.013116107,-0.029250834,-0.06066997,-0.003924735,0.034607816,-0.013371202,0.02429775,0.06853538,0.008104565,-0.0073499097,-0.028613098,-0.03826417,0.00038895264,-0.011202899,-0.06377362,0.011266673,0.063518524,-0.04417386,-0.017537745,0.004979657,0.03397008,0.008391545,-0.049020655,0.030228695,-0.0257858,0.001321974,0.034246434,-0.02297976,-0.008540351,-0.0062338714,0.013902649,-0.0075784316,0.0023450092,-0.013573152,0.009188715,0.042090587,0.02767775,-0.032694608,-0.0056333365,0.008349029,0.014104599,-0.03786027,-0.012839755,-0.037435114,0.019355293,0.027167562,0.009805194,-0.044641532,0.013073592,0.00039526357,0.04498166,-0.037328824,0.008641326,-0.019365922,0.009534156,0.024892969,-0.008364973,-0.014444725,-0.011638685,-0.007488086,-0.010660823,0.02448907,-0.021874351,-0.03469285,0.006047865,0.016368562,0.0059947204,-0.0073339664,0.010076232,-0.019727306,-0.02338366,0.008269313,-0.012754724,0.013520007,0.009231231,0.008954879,-0.01028881,0.038094107,0.019865483,0.011436736,0.02149171,-0.010357899,0.019068312,-0.008965508,-0.030122407,-0.062753245,-0.017176362,0.020460702,-0.023001019,0.046087068,-0.028613098,0.014636045,-0.03671235,-0.028868191,0.029505927,0.019419067,-0.025870832,0.004700647,0.0027847814,0.004203744,0.011925667,0.042239394,0.03088769,0.0050142007,-0.032545805,0.019270262,-0.008258684,-0.021098439,0.033311088,-0.004105427,0.035968322,-0.025445674,0.008699785,0.00068158057,0.022001898,-0.042154364,0.0013086878,0.05548305,1.9866977e-05,-0.004644845,0.0029495298,0.007822897,0.0002693771,-0.0062551294,0.00979988,-0.054037515,0.0017551031,0.0073711677,-0.018866362,0.005104547,0.01819674,0.018728185,-0.007025727,-0.0057715126,-0.010947805,0.0033374862,-0.044854112,-0.021629887,0.055185437...",A_0_chunk_1,apartamento,"Santa Joana, Aveiro",€195.000,1,2025-07-01 07:40:18.210205,2025-07-01 07:40:18.210205,A_0,A,T1,0
2,"O Flat A é um apartamento T1 situado no rés-do-chão traseiro do Bloco 1 do Evergreen Pure, um empreendimento residencial de estilo contemporâneo que combina sofisticação, funcionalidade e tranquilidade. Este apartamento distingue-se pelo seu espaço exterior excecionalmente generoso – um terraço privativo com mais de 100 m², ideal para refeições ao ar livre, zonas de lazer ou mesmo um pequeno jardim urbano.
A área interior foi cuidadosamente distribuída para maximizar o conforto e a luz natural: O quarto, com 17,18 m², tem dimensões ideais para uma cama de casal, roupeiro embutido e mobiliário adicional, mantendo ainda uma excelente circulação.

A sala e cozinha em open space ocupam 23,54 m², promovendo um ambiente moderno e acolhedor, perfeito para momentos em família ou com amigos. A casa de banho tem 4,80 m² e foi desenhada com acabamentos de alta qualidade, garantindo conforto e praticidade.","[-0.002200828,-0.022080101,0.041328367,0.02205958,0.01291768,-0.0025971308,-0.011214475,-0.041923463,0.005437943,-0.0012729148,-0.006310066,-0.018960979,0.00683847,-0.02466569,0.014528543,0.040199738,0.010721982,-0.030165194,0.0174835,-0.0077618943,0.010393654,-0.05959165,-0.026779305,-0.0296727,-0.031027056,-0.04719724,-0.017975993,-0.0016275353,-0.002883136,0.028297825,-0.010937448,-0.009034168,0.046786834,-0.005204522,0.009054689,0.006756388,-0.04896201,-0.019104622,0.048387434,-0.013317831,-0.012025037,0.119757876,-0.024768293,0.019053321,0.04818223,-0.008238997,0.0077259834,0.05971477,-0.03188892,0.020705225,-0.0041887555,0.034371905,-0.02959062,-0.011850612,-0.028523551,0.008931565,-0.047484532,0.010208969,0.04329834,0.057539593,0.052204255,0.020099869,0.004393961,0.091275364,-0.0805226,0.033961494,-0.025568593,0.06648655,0.025465991,-0.0074284356,-0.0076439013,0.04028182,0.0029959988,-0.028174702,0.01895072,-0.03078081,-0.0091932025,-0.058524583,-0.05499505,0.020161431,-0.025568593,0.0056431484,-0.06439345,0.007828586,0.020633403,-0.045678724,-0.03533637,-0.03753207,-0.02203906,0.039625164,0.026307333,-0.0032448105,-0.009141901,-0.013040803,0.00303704,0.05392798,-0.023865389,-0.038455494,-0.016026542,0.052491542,0.050767817,-0.030678207,0.042354394,-0.011696708,-0.022757279,-0.041923463,-0.037839875,0.024460483,0.017144911,-0.023578102,-0.0072796615,0.011850612,0.010937448,0.040466506,-0.0059304363,-0.007874757,0.032053083,0.02091043,-0.0030447352,-0.027025552,0.03488492,0.032504536,-0.013194707,-0.011481242,0.017586103,0.003414105,-0.008249258,-0.010875886,-0.052532583,0.016929446,0.028564593,-0.00035269678,-0.028728757,0.013040803,-0.055282336,-0.023024047,-0.0038424712,0.056431487,0.022983005,-0.00836212,0.040733274,0.019155925,-0.0035013172,0.010916928,-0.014538803,0.025096621,0.005740621,0.018047815,-0.0056687994,0.038845383,0.021197718,0.025260786,-0.018642912,-0.03299703,0.04210815,-0.03260714,0.016036803,-0.037429467,-0.016837103,-0.0020058828,-0.000797736,-0.021033553,0.008962346,0.06517324,-0.026881907,0.041985024,-0.046909954,-0.015390405,-0.06230036,0.028092619,0.021033553,-0.027477004,-0.050357405,0.017996514,0.013338352,0.025937963,-0.0018160678,-0.018396664,-0.004745375,0.01102979,-0.0068795113,0.014764529,0.05167072,0.00061112735,-0.014897913,0.0140463095,-0.042313356,-0.007402785,-0.018724993,0.023249771,-0.0072745318,-0.02017169,-0.029836865,0.040466506,0.0046863784,-0.011881392,-0.04719724,0.022511033,-0.03605459,0.048797846,-0.033674207,-0.038476013,0.020756526,-0.056308363,0.0017365507,0.0040835873,0.0097472565,0.019248268,0.004901844,-0.01671398,0.028010538,0.022921443,0.017216733,0.048838887,-0.0054225526,0.012825338,0.009552311,0.009372757,0.0013145971,0.05959165,-0.068579644,0.016129145,0.014323337,0.016262528,-0.03414618,0.003873252,-0.0174322,-0.03297651,0.023249771,-0.036218755,-0.032032564,-0.019976746,-0.031396426,-0.038414452,0.0007457934,0.018827597,-0.006243374,0.011614626,-0.004635077,-0.013810324,-0.003878382,0.03119122,0.022511033,0.0017916997,-0.0011504327,-0.0015852117,0.0013299875,-0.056185238,0.0448579,0.052204255,0.05589795,0.042231273,0.0016865319,0.015072337,4.5164225e-06,-0.01592394,0.014456721,0.021341361,0.02351654,-0.02015117,0.0019994702,0.0022739323,0.008121003,-0.035849385,0.05011116,0.0017019223,0.05281987,0.018006774,-0.031663194,0.015821336,-0.010321832,-0.044283327,-0.027620647,0.03609563,0.0312733,-0.0043837004,-0.04682787,0.00056623865,-0.033551082,0.007366874,0.026881907,0.018058075,-0.019812582,-0.014015529,0.012497009,-0.0033730639,-0.008259517,0.007633641,-0.024234759,0.005653409,0.06574781,0.031827357,0.027846374,-0.030821852,-0.022449471,-0.026409935,0.01671398,-0.019063583,0.033140674,-0.016467733,0.014897913,-0.018017035,0.041595135,-0.004701769,-0.012958721,-0.0010670681,0.04469374,0.07986594,0.006525532,4.360615e-05,0.006325457,0.07383291,0.007012895,-0.02694347,-0.04214919,-0.03303807,0.030616647,-0.00493519,-0.021854376,-0.010670681,0.0066794357,-0.042600643,0.005920176,0.0016301004,0.01935087,0.028174702,0.010711722,0.012209722,-0.018314581,-0.024009032,0.05573379,-0.044898942,-0.0011946802,0.010578339,-0.006946203,0.047853902,0.010126887,0.036239274,-0.004745375,-0.004447827,-0.036998533,-0.03260714,-0.029446976,0.03679333,0.003452581,-0.02470673,0.007843977,-0.037491027,0.04481686,0.01789391,0.0025740452,-0.017616885,-0.0181812,-0.014579844,0.023557581,-0.021792814,0.020797567,-0.010024284,-0.08987997,0.0076541617,-0.03119122,0.0010997728,-0.0017968299,-0.013789803,-0.019945966,-0.0039912453,-0.0032345501,0.023783306,-0.026738264,-0.009511271,-0.019258527,0.02733336,-0.053763814,-0.0058637443,0.002164917,0.010527037,0.058565624,-0.018940458,0.019186705,-0.012609872,0.0058945254,0.018499266,-0.025137663,-0.012373886,0.03652656,-0.0023906429,0.0130715845,-0.0054122927,-0.0015749515,0.013707721,-0.040897436,-0.013820584,0.011696708,0.026266292,0.041943986,-0.03880434,0.06037143,-0.00949075,0.009772907,-0.04970075,0.010650161,-0.06316222,0.0554465,-0.03110914,-0.024973497,-0.014559323,0.032525055,-0.0075002573,-0.011296557,-0.07764973,-0.015585351,-0.027046071,0.02314717,0.011306818,-0.0066281348,-0.01025001,0.048018064,0.0074848672,0.0076490315,0.0023534496,-0.002068727,0.034412947,-0.024604129,-0.032914948,-0.016498515,0.01098875,0.018324843,0.008634018,-0.13321935,-0.045022067,0.008059442,0.00569958,0.0063921483,0.018889157,-0.045678724,0.022141663,-0.096939035,0.003496187,-0.025568593,0.013051064,-0.0057919226,-0.020376896,-0.024050074,0.0013466604,-0.041492533,-0.00797223,0.028790317,0.031663194,0.0112247355,0.008510894,-0.06882589,-0.027928455,-0.033633165,-0.01557509,-0.05659565,0.04100004,-0.005391772,0.026656182,-0.017975993,-0.024460483,0.037819356,0.034330864,-0.026430456,-0.021956978,0.020192211,0.013543556,-0.019730499,0.02015117,0.01709361,-0.031232262,-0.03683437,-0.024132155,0.0625466,0.024357881,-0.0034782316,0.023413936,0.009557442,0.036711246,0.035931468,0.04251856,0.04596601,0.0070077647,-0.03073977,0.020982252,-0.001986645,0.032401934,-0.018878898,-0.010527037,-0.023106128,-0.030103633,-0.02162865,0.0016955097,0.04411916,-0.0032499407,0.037839875,-0.021505527,-0.04100004,-0.030062592,0.0063151964,-0.002234174,-0.023701224,0.02583536,-0.045842886,0.022162184,0.008828962,0.015626391,-0.032935467,-0.033140674,0.0054071625,-0.030903934,-0.02205958,-0.022634156,0.0013043368,-0.001595472,0.043462504,-0.0023919255,-0.021526046,0.025383908,-0.00036103325,-0.026512539,0.0026073912,-0.0026035435,0.016047062,0.008126134,0.04321626,-0.009198332,0.0026214991,-0.03332536,0.02620473,-0.040322863,0.017657924,-0.016775541,-0.05573379,-0.0007342506,-0.03238141,0.013861625,0.005199392,-0.0076285107,0.017914431,-0.024911936,0.020099869,0.012507269,0.041430973,-0.008618627,-0.007141148,-0.0119634755,-0.011306818,-0.02164917,0.0018122202,0.023660183,0.02850303,-0.010090976,0.037963,-0.017319337,-0.046745792,0.03488492,0.020417938,0.052491542,0.00055758154,0.0018930199,-0.019473992,0.00015967546,0.035008043,-0.0005915687,-0.009311195,0.0050018816,-0.016426692,-0.02396799,0.021936458,0.006648655,-0.007638771,0.008777661,-0.030493524,0.046089135,-0.043093134,0.027928455,0.011563324,-0.004299053,-0.016447213,-0.013225488,0.011932694,-0.007941449,0.0112247355,0.026881907,-0.007823456,-0.007074456,0.010783544,0.026307333,0.021936458,0.018714733,0.0012511117,-0.022121143,-0.02169021,-0.01863265,0.035767302,0.005858614,-0.010773283,0.02842095,-0.028708236,0.021197718,0.017032048,0.004601731,0.0071462784,0.00645884,-0.0002579496,-0.054092143,-0.052245297,-0.021074595,-0.04061015,-0.031211741,-0.0019417561,-0.020664183,-0.0037116527,-0.004332399,0.0031627284,-0.0031806838,-0.007746504,-0.013717981,-0.024973497,0.019545814,0.0009926811,0.025117142,-0.01672424,0.010126887,0.020274295,-0.0013453779,-0.024994018,-0.0028446598,0.009341976,-0.0032088994,0.020818088,0.00055148953,0.050808858,0.016242007,-0.03112966,0.04147201,0.006946203,-0.018704472,-0.009326586,-0.0022213485,0.020192211,0.043503545,0.049249295,-0.011953215,-0.018899418,-0.014241255,0.015964981,0.01631383,-0.0054533337,-0.003606485,0.026245771,-0.032545578,0.016529296,0.0134922555,0.013092104,0.022675198,0.011122133,0.010711722,0.030534564,0.0637368,-0.005171176,0.033982016,0.0034448856,0.01861213,-0.03264818,0.0042246664,-0.050398447,-0.02735388,-0.02694347,0.022675198,0.04826431,-0.0021328537,0.02429632,0.047689736,0.01563665,-0.0050711385,-0.015133899,-0.012989502,-0.031929962,0.009711346,0.0011132393,-0.005012142,-0.022572594,-0.0004976231,0.0066383947,0.020017788,0.00910599,-0.051547598,0.013451214,0.039563604,-0.0151544195,0.0348644,0.0554465,0.008700709,0.028523551,-0.023126649,-0.039789326,0.018540308,-0.008849483,-0.051383432,0.019833103,0.041430973,-0.022223745,-0.009819078,-0.0028215742,0.018724993,0.016498515,-0.035582617,0.042005546,-0.011255517,0.004750505,0.014241255,-0.0153391035,-0.0012825337,-0.009003387,0.013235749,-0.005473854,0.0144156795,-0.031293824,0.02503506,0.030288318,0.03377681,-0.018273542,-0.012302064,0.017504022,-0.005812443,-0.012240502,-0.012568831,-0.018027294,0.04978283,0.015482748,0.01937139,-0.009829339,0.036321357,-0.0064434498,0.03158111,-0.03147851,-0.005171176,-0.019412432,0.0043093134,0.012599612,0.0022700848,-0.003878382,0.01932009,-0.01597524,0.00986012,0.0085724555,-0.042272314,-0.050726775,0.020448718,0.017996514,0.0049813613,0.0020648793,0.0089418255,-0.042272314,-0.027887415,0.00090354506,-0.0034987521,-7.017865e-05,-0.00039822672,0.010957968,-0.0035397932,0.03451555,0.024911936,0.016929446,0.011706968,0.012414927,0.025342867,-0.0020610318,-0.037778314,-0.049290337,-0.011368379,0.024398923,-0.030637167,0.040815353,-0.0143643785,0.004676118,-0.025096621,-0.023578102,0.020202473,0.029816344,-0.011060571,-0.016539555,0.011050311,0.008685319,0.009665174,0.06377784,0.01749376,-0.0063921483,-0.03685489,0.030698728,-0.013564077,-0.03112966,0.027805332,0.00057746086,0.061766826,-0.0030986017,0.027846374,0.00038796646,0.008177435,-0.030473003,-0.014528543,0.04756661,-0.0072334907,0.0075310385,0.027641168,0.01061938,0.0014466981,0.015277542,0.011512023,-0.025753278,-0.0015839292,0.006525532,-0.012548311,0.016436953,0.036711246,0.032463495,-0.015349364,-0.00322942,-0.035644177,0.017103...",A_0_chunk_2,apartamento,"Santa Joana, Aveiro",€195.000,1,2025-07-07 11:36:13.840152,2025-07-07 11:36:13.840152,A_0,A,T1,0
3,"Luz solar e orientação
Com orientação sul/poente, o Flat A beneficia de excelente exposição solar durante a tarde, especialmente no terraço, tornando-o ideal para quem valoriza luz natural e espaços exteriores iluminados. A disposição traseira do edifício também proporciona maior privacidade e tranquilidade, longe do movimento da rua.","[-0.05347749,-0.017875306,0.011747235,0.03678963,0.025593707,0.012075904,-0.021522462,-0.028901592,0.01769507,-0.06106866,-0.03439353,-0.01943383,0.04461405,-0.021448247,-0.014938497,0.03212466,0.023897355,-0.019221785,0.00737913,0.012340959,0.0034271607,-0.060983844,0.021490656,-0.025636116,-0.054580115,0.014726453,-0.0010569067,0.0024769385,0.037065286,0.04703135,-0.016030524,-0.015712459,0.029961811,-0.003048132,-0.02951652,0.03939777,-0.020271404,-0.026887175,0.0143023655,-0.010819543,-0.0019932133,0.06785407,-0.013655631,-0.007591174,0.049448654,-0.0207379,0.0018818902,0.08608985,-0.0087786205,0.0104166595,0.029495316,-0.013157328,-0.028583527,-0.016624248,-0.04703135,-0.05962676,-0.027374877,0.0020223693,0.04465646,0.060729392,0.062383335,0.028011007,0.05865136,0.07141641,-0.045080546,0.00057649455,-0.038613208,0.04957588,-0.0052639917,-0.016412202,-0.02981338,0.0055873585,0.062807426,0.0022807978,0.0038485979,-0.025233231,0.017610252,-0.029304476,0.032230683,0.007023956,-0.050636098,0.0073049148,-0.039418973,0.036874447,-0.0049697803,-0.07769291,0.026802357,-0.004312444,-0.044062737,0.03405426,0.019497443,-0.012553003,-0.051823545,-0.044698868,-0.03553857,0.043129742,-0.017408809,-0.02194655,0.0337574,0.025742138,0.038422365,-0.016677259,0.040818464,-0.009605591,0.0021522462,0.00063845114,-0.016263772,0.0005731813,0.028180642,0.0020806815,-0.014365979,0.01239397,0.007453345,0.04609836,0.019115763,-0.010093293,0.0106075,0.023727719,0.04355383,-0.0065574595,0.012457583,0.009875948,0.013910084,0.026950788,0.009589688,-0.036386743,-0.020080563,-0.028710753,-0.07383371,0.047667485,0.02349447,-0.0048240004,-0.017398207,-0.02970736,0.017143754,-0.0062128883,0.00010743009,0.018299393,0.015341381,-0.016825689,0.056530923,0.048685294,-0.00588422,-0.009918356,0.033990648,-0.007156484,0.019910928,-0.025021188,0.06488545,0.07353685,-0.010766532,-0.0027168132,0.0055979607,0.014132731,0.008301522,-0.039758243,-0.008068273,-0.040521603,-0.02599659,0.013592018,0.036429152,-0.065097496,0.023324836,0.03488123,0.008365135,0.007702497,-0.023791334,-0.023558084,-0.083714955,0.027968599,0.029770972,-0.021013556,-0.013019499,0.009913055,0.03265477,0.0164016,0.010326541,-0.013751051,0.0048027956,-0.018246382,0.0026797056,-0.0075169588,0.053901576,-0.052926175,-0.0016671957,-0.013899482,-0.046649672,0.025487684,-0.046225585,0.05377435,-0.011323147,-0.027162831,-0.01123833,0.027820168,0.030831192,0.016942313,-0.024809144,0.028138233,-0.0815097,-0.008465855,-0.021596678,-0.012998295,0.024045786,-0.014503807,-0.016030524,0.00733142,0.0019455034,0.011545794,0.01022582,-0.0013862374,0.04336299,0.029919403,0.024575895,0.051229823,-0.003366198,0.019942734,0.027523307,-0.00467822,-0.0021708,0.037892256,-0.038994886,0.0048637586,0.015564027,0.00752226,0.008879341,0.066369765,0.024109399,-0.0074692485,0.02425783,-0.035559773,0.006456739,-0.01943383,-0.026823562,-0.020801513,-0.0074215387,0.0022145342,-0.0035967957,-0.0070398594,0.0021389935,-0.008306823,0.023812538,0.036535174,0.014461398,-0.014344774,0.007538163,0.00983884,-0.00042408792,-0.011100502,0.02917725,-0.0118744625,0.048218798,0.047116168,-0.03613229,0.0074745496,-0.0062924046,0.017377002,0.0067748046,-0.01958226,0.0019508045,-0.06586085,0.0022012815,0.030343492,0.0017162309,-0.030767579,0.059923623,0.014429592,-0.003337042,-0.045207772,-0.043341786,0.0067164926,-0.0069762464,-0.05195077,-0.022222208,0.039567403,0.0097487215,-0.0018898419,0.00014561457,-4.795838e-05,-0.036683604,0.017016528,0.0150339175,0.008624888,-0.054707345,-0.008009961,-3.313187e-05,-0.0028705453,0.0030746374,-0.0123621635,0.018267587,0.0008190198,0.0057251872,0.014493205,0.01273324,-0.017779887,-0.026017794,-0.018426621,0.03469039,-0.04707376,0.012945284,0.013814664,0.033290904,-0.056276467,0.035474956,-0.016984722,0.008550673,-0.009488967,0.037192512,0.03891007,0.030279879,-0.007872133,-0.010406057,-0.004696774,-0.0023550133,-0.028117029,0.017440615,-0.023812538,0.0308736,0.005324954,-0.050169602,-0.0071882904,-0.030555535,0.0076282816,-0.029537724,-0.01123833,0.007660088,-0.012330357,0.003405956,0.0031356001,0.01668786,-0.022879545,0.035623387,-0.036195904,-0.011885065,0.001862011,-0.015892696,-0.022794725,0.03505087,-0.0037028177,-0.017928317,-0.01973069,-0.00680131,-0.042260364,-0.011259534,0.0014432243,-0.0066581806,-0.039864264,0.0071829893,-0.017631456,0.03458437,0.030110244,0.0337574,-0.06874465,5.2017036e-05,-0.04298131,0.009584387,0.015807878,0.020027552,-0.042790473,-0.061323114,0.012659024,0.0019799606,-0.031212872,0.002633321,0.019751895,-0.022519069,0.0036259517,0.0014273209,0.01176844,-0.042790473,0.0012020242,-0.02093934,-0.028880388,-0.03772262,0.0068755257,-0.025742138,0.017578445,0.038655616,-0.00887404,0.014175139,-0.03742576,-0.026675131,0.03138251,-0.05343508,0.015245961,0.0036577585,0.019370217,-0.008566576,0.017260378,0.026081407,-0.028477505,-0.016518224,-0.0022079078,0.013369372,-0.006525653,0.04877011,-0.01986852,0.040118717,0.025911773,-0.000988655,-0.066369765,-0.028180642,-0.04124255,0.062001657,-0.001832855,-0.028032212,-0.04041558,-0.02792619,-0.019592863,-0.03469039,-0.045928724,-0.004633161,-0.034478348,0.027862577,0.03356656,-0.025212027,0.00078588794,0.001403466,-0.022052573,-0.01765266,0.045462225,-0.0109626725,0.039228134,-0.0032151167,-0.07010174,0.009907754,0.035517365,0.009398849,-0.021310419,-0.0877862,-0.05347749,0.03969463,0.010400756,-0.0020687538,0.011132308,0.0070451605,-0.009589688,-0.07044101,-0.0012808781,-0.03636554,-0.0085930815,0.0054866374,-0.01152459,-0.014196344,-0.0038167913,-0.04961829,-0.07684473,0.054537706,0.0863443,-0.034223896,0.001591655,-0.0049909847,0.04268445,-0.026208634,-0.0075487653,-0.047285803,0.04783712,-0.011842655,0.010888457,-0.010824844,0.020101767,0.017663263,-0.0012875044,-0.037171308,-0.020769706,0.010570392,0.01475826,-0.020600071,-0.014016106,0.006048554,0.005107609,-0.029389294,0.025339253,0.082357876,-0.017377002,-0.013337566,0.024045786,-0.023600493,0.00029156046,0.027608125,0.030025426,0.009891851,-0.0032151167,-0.025636116,-0.001721532,0.041539412,0.052841354,0.018405417,0.009335236,-0.018924924,-0.02618743,-0.006398427,-0.023367245,0.058481727,-0.005672176,0.03299404,-0.013846471,-0.042217955,-0.004071244,-0.0021058617,-0.009875948,-0.0037770332,0.026441883,-0.042217955,0.010729425,0.056488514,0.024512282,-0.039631017,-0.032188274,0.008089477,-0.012340959,0.025869364,-0.016539428,0.008757416,0.032675974,0.017164959,0.005179174,-0.029452907,0.041200142,0.014461398,-0.027120423,0.00641433,0.0010456418,-0.006679385,-0.006202286,0.027883781,-0.011863859,-0.009663904,-0.020419834,-0.040012695,-0.020653082,0.0101144975,-0.0074109365,-0.050466463,0.008561275,-0.014811271,0.033778604,-0.0058577145,-0.020663684,-0.027396081,-0.021130182,0.0012417824,0.0048584575,0.045547042,0.026802357,-0.038379956,0.0061227693,-0.03776503,-0.011545794,-0.0024411562,0.027417285,0.044189963,-0.024491077,0.053943984,-0.00085612753,-0.046649672,0.010358348,0.0144826025,0.04529259,-0.0031329496,0.030364696,-0.014005504,-0.002271521,0.008211402,0.0028652442,0.004081846,-0.008269714,0.021861732,-0.015882093,0.010856651,0.0033105365,-0.0016194858,0.014270559,0.009276924,0.028053416,-0.013655631,0.014185742,-0.0027380176,-0.009663904,-0.037659008,-0.040055104,-0.012065302,-0.006684686,0.008163692,0.054325663,-0.011121706,0.0032098156,-0.011227728,-0.01273324,-0.0071352795,-0.007803218,-0.01668786,-0.032739587,-0.038464773,-0.02497878,-0.008656695,-0.0024292287,-0.008688501,0.03651397,-0.018066145,-0.022222208,-0.01528837,-0.006032651,-1.1958534e-05,0.0060750595,0.01032124,-0.032103457,-0.035072073,-0.017239174,-0.052459676,-0.030343492,0.0015187649,-0.0058471123,0.0038592,0.009844141,-6.634657e-05,0.022582682,0.014673443,-0.003559688,0.0030163254,0.00920801,-0.017536037,0.039927877,-0.0047815912,0.026081407,0.03483882,-0.0086832,-0.02705681,-0.0023351342,0.0129664885,-0.037171308,-0.0047338814,-0.007167086,0.02421542,0.009648001,-2.4766072e-05,0.042557225,-0.0122985495,0.01895673,-0.017917715,-0.017610252,0.015235359,0.035432547,0.039673425,-0.009234515,-0.030364696,-0.007882735,0.03000422,0.006578664,0.0074215387,-0.010681715,-0.006377222,-0.0012556978,0.019179376,0.01914757,-0.029346885,0.022646295,0.06556399,0.0074003343,0.03980065,0.045080546,-0.017514832,0.008942954,0.015118735,-0.0051632705,-0.030067835,0.026038999,-0.047709893,-0.011323147,-0.046310402,-0.017642058,0.024681918,0.023070384,0.029050022,0.011047491,0.0069338377,0.00049697806,-0.013337566,-0.04427478,-0.05661574,-0.009043675,-0.0037160704,-0.017493628,-0.039927877,-0.010119799,-0.017239174,0.028689548,-0.013645029,-0.020600071,0.01095207,0.010315939,0.006382523,0.05580997,0.066072896,-0.026950788,0.028922796,-0.012659024,-0.012256141,0.037531782,-0.007750207,-0.009086084,0.018023737,0.02160728,0.02319761,-0.004654365,3.232428e-05,0.04461405,-0.015701856,-0.012690831,0.029474111,-0.01697412,0.006530954,-0.0057941014,0.026420677,0.001962732,-0.0028546418,0.008720308,-0.0147900665,-0.0054097716,-0.012606014,0.02584816,0.008296221,0.01142917,-0.03057674,0.0140585145,-0.0034881232,0.0106605105,-0.053180628,0.01036895,-0.021819323,0.04847325,0.028095825,-0.0024013978,-0.0138782775,-0.0026823562,-0.015606436,0.01114291,-0.031128054,0.0069921496,-0.017196765,-0.027756555,0.020801513,0.014090321,-0.006377222,0.006244695,-0.0047444836,-0.013655631,-0.0055979607,0.0030931914,-0.03587784,0.012277345,0.065776035,0.0052931476,0.039588608,-0.0064249323,-0.0376166,-0.032230683,-0.009319332,-0.002984519,-0.007638884,-0.01697412,0.018278189,-0.0044052135,0.049830332,-0.012563605,0.01263782,0.00013716595,0.0042620837,0.02792619,0.015988115,-0.039673425,-0.0102364225,-0.015330778,0.04064883,-0.021342225,-0.002348387,-0.0042037717,-0.01475826,0.0025922374,-0.014959701,0.029113635,0.023430858,-0.023706514,-0.015998717,0.012372766,0.030619148,0.00086739234,0.035262913,0.020600071,0.01292408,-0.0027433187,0.051781137,-0.012086506,-0.01741941,0.030513126,0.03776503,0.06374042,0.023282427,0.057888,-0.037298534,-0.012086506,0.0059160264,-0.0038379957,-0.0018447825,0.008757416,0.0029659648,0.04022474,0.014079719,0.021882936,0.0043628043,0.017048335,-0.029686155,0.02440626,-0.034075465,-4.6964426e-05,0.004577499,0.012213732,0.03193382,-0.0222858...",A_0_chunk_3,apartamento,"Santa Joana, Aveiro",€195.000,1,2025-07-07 11:41:29.246907,2025-07-07 11:41:29.246907,A_0,A,T1,0
4,"Acabamentos e conforto
Todos os apartamentos do Evergreen Pure seguem uma linha minimalista e contemporânea, com acabamentos premium, isolamento térmico e acústico de elevada eficiência, caixilharia em alumínio com corte térmico, pré-instalação de ar condicionado, cozinha equipada com eletrodomésticos encastrados, e pavimentos vinílicos de alta resistência. O conforto está garantido durante todas as estações do ano.
Estacionamento e arrumação
O apartamento inclui um lugar de garagem em cave com acesso direto por elevador e um arrumo individual fechado, ideal para guardar bicicletas, malas ou artigos sazonais.","[-0.0054695257,0.008168843,0.011637056,0.008250641,0.0019794994,0.01391648,0.004362533,-0.0072690705,0.028618217,-0.033198874,0.034158632,-0.007536276,-0.0011117642,-0.032282744,0.008419689,0.047682486,-0.017755508,-0.00021113978,0.00967937,0.011233523,0.005278665,-0.009057709,-0.010955411,-0.015421554,-0.031061234,-0.030603169,-0.013632916,0.009308555,0.028094713,0.0019440538,0.017755508,-0.02536813,0.07150192,0.0041335,0.031017609,-0.013469321,-0.042294756,-0.017984543,0.026327886,5.1123432e-05,0.044323336,0.06744476,-0.06426011,0.016250435,0.037277844,0.021081941,-0.018977018,0.018835235,0.020154903,0.042163882,0.004946022,0.032042805,0.012029685,-0.024691937,-0.021670882,-0.011822464,-0.07730409,-0.010126529,0.04585022,0.019849526,0.016959347,-0.026807765,0.00018251066,0.083368,-0.049732875,0.031083047,-0.014352733,0.062340595,0.023034174,-0.01358929,0.013654728,-0.0034300415,0.0156724,-0.03199918,-0.021758134,-0.025804382,-0.02554263,-0.07765309,-0.021474568,0.0086487215,-0.029599786,-0.0001608684,-0.042098444,0.015236147,-0.017919105,-0.02456106,-0.00090454397,0.0036808872,-0.015519711,0.07398856,0.011331679,0.027396707,-0.025804382,-0.0048505915,-0.00078321097,0.08288813,0.031257547,-0.0349657,-0.053310152,0.05575317,0.03937186,-0.08332438,0.053397402,-0.023993932,0.014265483,-0.05592767,-0.06766289,-0.0059221387,0.01840989,-0.026589638,0.00103542,-0.003544558,0.012193279,0.06164259,-0.007863466,-0.00082410977,0.011702495,0.014101888,-0.005474979,-0.022216199,0.0014859878,0.03396232,-0.011527994,-0.035314705,0.0046542776,0.00042705107,-0.0012440035,-0.0012167377,-0.049951002,-0.038019475,-0.00029856086,0.0035527379,0.014767174,0.02340499,-0.02792021,-0.030188728,-0.019227864,0.019533241,0.012673158,-0.012247811,0.022467045,-0.0036345352,0.008054326,-0.011735214,-0.0066310503,0.0036727074,0.021932634,-0.022946924,0.014799893,0.02955616,-0.015781462,0.021692695,-0.025062751,0.013371164,0.007067303,0.031410236,-0.00027299914,0.0025166362,-0.03673253,0.015137989,-0.02848734,-0.020220341,0.01629406,0.0054886118,0.03208643,0.013360257,-0.03609996,0.031279363,-0.058065314,0.020394841,0.04519584,-0.06015933,-0.03119211,0.04707173,0.019086082,0.03529289,0.0036727074,0.0024048463,-0.0199804,0.015890526,-0.017035691,-0.03902286,0.039982613,0.01391648,0.0007859376,0.01445089,-0.04068062,6.2200175e-05,-0.037692286,0.029207159,-0.026044322,-0.04698448,-0.02099469,0.061293587,-0.002651602,-0.007416306,-0.07093479,-0.0050741713,-0.017242912,0.041225936,-0.044977713,0.0061838906,0.046111975,-0.023884868,0.002890178,-0.0027715717,0.009095881,0.03404957,-0.020482093,-0.019555055,0.039437298,0.019860432,-0.0046024723,0.06426011,0.018867955,0.023841243,0.0020108551,0.0035309251,0.031410236,0.028334651,-0.06587425,-0.008245187,-0.026371513,0.039153732,-0.011713401,-0.00063324894,-0.015945058,-0.04371258,0.052743025,-0.042011194,-0.033875067,-0.0026802311,-0.040462494,-0.039480925,-0.037844975,0.052045017,0.018900674,0.035467394,0.00017364926,-0.01252047,0.0051968675,0.01947871,0.012018778,0.039611798,0.005638574,0.0052895714,-0.028094713,-0.058021687,0.03677615,0.024604686,0.018540764,0.03350425,0.027462145,0.014439984,0.029839726,-0.023535864,0.018093605,0.030275978,0.030014226,-0.019445991,0.0143854525,0.0051477887,0.020253059,-0.039546363,0.0557968,0.0058621536,0.0048942165,0.005480432,-0.0071381945,-0.009826605,-0.043887082,-0.059723075,0.009581213,0.047115356,0.037299655,0.011789746,-0.0032882593,-0.0023489513,-0.0006284774,0.014352733,-0.034420386,0.024430184,0.026240636,0.007012772,0.0024716477,0.031628363,-0.02390668,0.044410586,-0.019664118,-0.0047060824,0.07294155,-0.00792345,0.013327538,-0.019675024,0.033656944,-0.018180856,0.019456897,-0.024495622,0.056494802,-0.041356813,0.029970601,-0.0010817718,0.027723897,0.017210193,-0.029752474,-0.002492097,0.013229381,0.020383935,-0.0012099212,-0.021441849,0.0007068667,0.033766005,-0.030755857,-0.02955616,-0.040615182,-0.036536213,0.020482093,-0.009406712,-0.01252047,-0.06465274,0.024386559,-0.022216199,0.016130466,0.008545112,0.027353082,0.016588531,0.0015950511,-0.009493962,-0.004487956,-0.0032446338,0.02128916,-0.025259066,-0.028465528,0.027440332,0.023644928,0.041356813,-0.019020643,0.020296685,-0.043887082,-0.047028106,-0.0049978266,-0.017079316,-0.02251067,0.04781336,0.01748285,-0.04159675,0.005232313,-0.010001107,0.013774698,0.03723422,-0.0024771008,-0.036252648,-0.039088294,0.010164701,-0.012956723,-0.038695667,0.025150003,0.015268865,-0.078874595,0.00457248,0.02578257,0.03256631,-0.0049432954,0.0007314059,-0.019489616,-0.0012549099,-0.015094364,0.01403645,-0.0074653844,0.010448267,-0.011876996,0.019555055,-0.042840075,0.004629738,0.0153343035,0.020602062,0.04177125,0.007449025,0.030668607,-0.04641735,0.012684065,0.029687038,-0.013971012,-0.03527108,0.03511839,0.025477193,-0.037037905,0.01742832,0.003571824,0.030843109,-0.02840009,-0.040397055,-0.02168179,0.00058042136,0.022357982,-0.020972878,0.031715613,0.02709133,0.020002214,-0.031301174,0.009722996,-0.0366889,0.04094237,0.017624633,0.0007975256,-0.04689723,0.022467045,-0.009859324,-0.043843456,-0.0561458,3.9492854e-05,-0.025935259,0.014167326,-0.009733901,-0.01804998,-0.03828123,0.00052179984,-0.0077544022,0.0063147666,-0.01403645,0.026044322,0.048773117,-0.03586002,-0.013087599,-0.009433977,-2.4539248e-05,-0.003969905,-0.022685172,-0.12869473,-0.048773117,-0.019347833,-0.011615244,-0.010328297,0.018660735,-0.015530617,-0.008965005,-0.09606297,0.004002624,-0.034725763,0.0041743987,0.019467803,-0.042709198,-0.03267537,0.03812854,-0.032980748,0.012193279,0.037997663,0.031650178,-0.06395473,-0.02087472,-0.017439226,0.013283913,-0.016163185,-0.022728797,-0.01272769,0.02994879,0.04403977,0.019914962,0.0056167613,-0.010906332,0.08000886,0.0016959347,-0.028749092,0.016424937,0.0384121,0.0153343035,-0.06373661,0.040462494,0.0053331964,-0.012247811,-0.0069964123,-0.016141372,0.009139506,-0.0053277435,0.021463662,0.0053550093,-0.030668607,0.029577974,0.00458066,-0.0022371614,-0.008054326,-0.008550565,-0.027767522,0.052743025,0.043189075,0.029817913,-0.03991718,-0.01701388,-0.054706164,-0.03086492,-0.025389941,-0.0015596056,0.029839726,-0.006532893,0.043887082,0.00056542514,-0.04838049,-0.0024007563,0.019544147,0.03749597,-0.033875067,0.009286742,-0.009510322,0.02132188,-0.00014041903,0.033613317,-0.048511367,-0.042883698,0.040876932,-0.049558375,0.0047360747,0.0067837387,-0.0062929536,0.00017441611,0.024364747,0.0017940917,-0.022467045,0.043887082,0.0025834376,-0.03969905,-0.013163943,-0.03184649,0.056931056,-0.0007545819,0.030472293,-0.01674122,-0.03036323,-0.04183669,-0.0051886877,-0.02619701,-0.016992066,-0.029687038,-0.025695318,-0.010350109,-0.016555812,0.044541463,0.009237664,-0.024277495,-0.0010279218,-0.046286475,0.006194797,0.019096987,0.040397055,-0.005943951,-0.002903811,0.012793128,-0.030734045,0.004845138,0.003740872,0.023993932,-0.008501486,0.002267154,0.03505295,-0.023863055,-0.008954098,0.03681978,0.0029828819,0.039589986,0.023361364,0.022728797,0.012007872,0.009848418,0.030886734,0.025695318,-0.009624838,0.008572377,0.011375304,-0.015530617,0.011386211,0.029294409,-0.016174091,0.011702495,0.0027565756,-0.004826052,0.0067346604,0.03184649,-0.015901433,-0.029359847,-0.004591566,-0.021801759,0.027331268,-0.0073072426,0.016752126,0.035380144,-0.019042457,0.041967567,0.03657984,0.01228053,0.01293491,-0.005278665,-0.040876932,-0.014690829,-0.015214333,-0.03356969,0.010382828,0.028640028,-0.00063222647,0.038521167,-0.022270732,0.012095123,-0.0021758133,-0.008392422,0.0061838906,0.031955555,0.015312491,-0.023535864,-0.035707332,-0.00282474,-0.05418266,-0.019631399,0.019456897,-0.006663769,-0.012160561,0.009499416,-0.026415138,0.005507698,-0.01804998,-0.02197626,-0.018846143,0.018082699,0.02423387,0.014734455,-0.05444441,0.009826605,0.020438466,-0.027745709,-0.007443572,-0.02578257,0.016828472,-0.009177678,0.018769799,0.033002563,0.037190594,-0.004395252,-0.004193485,0.03821579,0.005802169,-0.009194038,0.0074653844,-0.006663769,-0.026567826,0.0046979026,0.015617868,-0.0052595786,-0.015530617,0.007001865,0.01033375,0.01947871,-0.003394596,0.005030546,0.007808934,-0.040658806,0.020918345,-0.021245535,-0.015890526,-0.0029174439,0.010366469,0.019969495,0.0134802265,0.044606898,-0.052175894,0.0113643985,-0.022467045,0.049602,-0.022292543,0.010650034,0.005818528,0.01358929,-0.029490722,0.018279012,0.019293303,0.020700218,0.012029685,0.05173964,0.037125155,-0.0110644745,0.023863055,-0.029534347,-0.03110486,0.019369647,-0.027614834,0.012967629,-0.04255651,0.006025749,-0.021463662,0.014069169,0.016904816,-0.03396232,0.007988889,0.023535864,0.014767174,-0.007814387,0.043908894,0.03158474,0.016130466,0.0008711433,-0.022357982,0.008926833,0.0018090879,-0.054051783,0.02218348,0.0316938,-0.018900674,0.019053362,-0.017002972,0.011233523,0.017319256,-0.035336517,-0.0011962884,-0.026524201,-0.0013360258,0.00850694,-0.028661842,-0.022074416,-0.012029685,0.0046733636,-0.018420795,0.007339962,-0.0076344325,-0.020154903,0.030755857,0.02750577,-0.03568552,0.0045833862,0.0038117631,0.027702084,-0.021583632,-0.013785604,-0.05256852,0.012847659,0.026742328,-0.019129707,-0.013971012,0.010753644,0.013076693,0.04593747,-0.050518133,-0.00250573,-0.021605445,-0.009864777,0.014723549,-0.019718649,-0.003571824,-0.019620491,0.018366264,-0.016915722,0.021670882,0.0016059574,-0.05915595,0.020231247,0.023972118,0.0061129993,-0.0076344325,0.021245535,-0.0053850017,-0.022663359,0.021354599,0.006396564,-0.0006799417,-0.02783296,0.014025544,-0.01415642,0.03086492,0.03609996,0.036056336,0.0073672277,-0.0038826542,0.011168084,-0.021714509,-0.024801,-0.037779536,-0.035729144,0.0068764426,-0.021550912,0.020242153,-0.011767932,0.047682486,-0.04353808,-0.031562924,0.019260583,0.047856987,-0.009314008,0.020700218,0.0034573073,-0.0021117385,-0.006074827,0.04100781,0.033831444,0.005905779,-0.018224481,0.0045561204,-0.008185202,-0.006494721,-0.011266242,-0.0038499353,0.0063692983,-0.026524201,0.033744194,0.01784276,-0.00047408463,-0.033591505,-0.017755508,0.040462494,-0.010224687,0.021670882,0.030581357,-0.0056931055,-0.00017927284,0.01002292,0.011113552,-0.06033383,0.04338539,0.002113102,-0.0041089607,0.018235387,0.012269624,0.0054449863,0.027287643,-0.011277148,0.012422313,-0.012793128,-0.04207...",A_0_chunk_4,apartamento,"Santa Joana, Aveiro",€195.000,1,2025-07-07 11:43:41.447828,2025-07-07 11:43:41.447828,A_0,A,T1,0
5,"Localização e estilo de vida
Localizado em Santa Joana, Aveiro, o Evergreen Pure insere-se numa zona residencial tranquila, com fácil acesso ao centro da cidade, universidades, hospitais e vias rápidas. Está a:
5 min de carro do centro de Aveiro
3 min do Hospital Infante D. Pedro
8 min da Universidade de Aveiro
Próximo de supermercados, escolas, farmácias e serviços essenciais
É o local ideal para quem procura qualidade de vida, num bairro calmo mas central, com todas as comodidades por perto e excelente acessibilidade.","[0.004345579,-0.027959157,-0.0062430776,0.029849567,0.0048323595,-0.0038493464,0.024216147,-0.006285612,0.004952873,-0.0055956123,0.014386017,0.006332872,-0.043403804,-0.018081767,0.04578572,-0.009343349,-0.016437111,0.014811359,0.024121625,0.0016895535,-0.0075663645,-0.012467251,0.006186365,-0.008213829,-0.021475052,-0.055124342,0.025331488,0.033668194,-0.008062596,-0.031229567,0.062118858,-0.02875313,0.043630652,0.048167635,-0.015302866,0.009990814,-0.025161352,-0.019263273,0.012656292,-0.0037075658,0.010737526,0.075918846,-0.01906478,0.020964641,0.03484025,0.05183503,-0.006890543,0.046277225,0.02654135,0.028167102,-0.029414773,-0.01186232,-0.04306353,-0.019716972,-0.031267375,-0.018015603,-0.009636363,-0.02519916,0.066391185,0.01994382,0.051721606,-0.011843416,-0.0026702036,0.068999946,-0.01924437,0.020870121,0.0037264698,0.01952793,0.011550402,-0.005354585,0.018147932,0.028545184,0.040492572,-0.0121836895,-0.003367292,-0.0066211596,-0.04283668,-0.03249614,-0.02058656,-0.007504926,-0.00789246,-0.006332872,-0.050436128,0.025180256,0.0035397918,-0.06291283,-0.006852735,0.024291763,0.006970885,0.058186807,0.003159347,-0.032382715,-0.032250386,-0.03563422,6.254597e-05,0.069907345,0.010264924,-0.044008736,0.023592312,0.009300815,0.02875313,-0.07179776,0.026616966,0.01638985,-0.0461638,-0.010435061,-0.01310999,0.011578758,-0.0052931467,-0.0258419,0.02109697,0.034632303,0.015406838,0.11085362,-0.001963663,0.024726557,0.03009532,-0.034424357,0.026163269,-0.026333405,-0.0051986263,0.03294984,-0.0025284227,-0.023062997,0.036673944,0.01306273,-0.0021302553,0.030454498,-0.032099154,-0.058678314,0.014972044,-0.011777252,-0.036484905,-0.020113958,-0.018251905,-0.009934102,-0.01453725,-0.0028710596,-0.01629533,0.026390117,0.0036815726,0.013365195,0.005137188,-0.016172454,0.008785678,-0.0027812652,-0.025558338,-0.0070512276,0.03211806,0.03383833,-0.019471219,0.029906278,-0.05640982,0.0005591477,-0.03400847,0.004548798,-0.00067286764,-0.018923,-0.044991747,-0.0052600647,-0.028412856,-0.017656425,0.021947656,-0.02663587,-0.02192875,-2.3371666e-05,-0.013667661,-0.0064037624,-0.041097503,0.040038876,0.0235356,-0.031418607,-0.012334922,0.06317749,0.012419991,0.022250121,0.05406571,-0.035558604,0.014745194,0.049037226,-0.035690933,-0.040908463,0.017287796,0.01716492,0.036447097,0.041210927,-0.038564354,0.008568281,-0.018724507,-0.004976503,-0.0038044492,-0.03909367,-0.010425609,0.085597746,0.033573672,-0.013696018,-0.060115024,0.017930536,-0.033989564,-0.007372597,-0.03134299,-0.0020286457,0.044235583,-0.053990096,0.0113519095,-0.013979578,0.008634445,0.011531498,-0.0130438255,-0.020699985,0.042609833,0.0036721206,0.04034134,0.04684435,0.037505727,0.009225199,0.008275268,0.00044838153,0.015813276,0.041362163,-0.020832313,-0.02977395,0.03018984,0.062610365,0.023006285,0.027354226,-0.03310107,-0.033119977,0.00090503355,-0.06037968,0.023384366,0.0046125995,-0.044349007,-0.049604345,0.0036248604,0.02385697,0.007486022,0.038942438,-0.019830396,-0.01315725,-0.0138567025,0.023781352,-0.008880199,0.02644683,-0.02173971,0.0001909609,0.009211021,-0.030530114,0.03484025,0.056561053,-8.964677e-05,0.03845093,0.021815326,-0.0018809575,0.011805608,-0.031040525,-0.02529368,0.031683262,0.028601896,-0.0030175662,0.03170217,0.0046007843,0.013488072,-0.016191358,0.08317802,0.026616966,-0.013563689,0.034915864,-0.029509293,-0.0013811805,-0.02427286,-0.04427339,0.0036154082,-0.011956841,0.029414773,-0.014745194,-0.009125953,0.04162682,0.001968389,-0.0018396048,-0.0014142627,0.004981229,0.030851483,-0.02884765,-0.018233,0.036258057,-0.023762448,0.025274776,-0.026579158,-0.021021355,0.025123542,-0.0024811625,0.011900128,-0.055313382,0.010349993,-0.03563422,0.011522046,-0.025482722,0.03656052,-0.012382182,0.062988445,-0.0021810601,0.030889291,0.0091165,-0.01873396,-0.0049008867,-0.009447322,-0.004012394,0.02395149,-0.007103214,-0.0010988006,0.042761065,0.019206561,-0.008705336,-0.045029555,-0.014300948,-0.016115742,-0.053422973,-0.018157383,-0.017344508,0.05138133,-0.02160738,0.0042085242,0.037864905,0.03170217,-0.0020534573,0.007556912,0.015510811,0.008993624,0.010973828,0.045521062,-0.026276693,-0.02519916,0.055502426,0.030208744,0.008998349,-0.014981496,-0.008752597,-0.033592578,-0.009537117,-0.015179989,-0.05017147,0.018573275,0.024405187,-0.008128761,-0.057279408,-0.016531631,-0.003943867,0.035293948,0.025539434,-0.0042156135,-0.0032302374,-0.027807925,0.017136563,-0.007816844,-0.024027105,0.031021621,0.022533681,-0.055086534,0.026881624,0.024386283,0.009253555,-0.015246153,0.009470952,-0.00593116,-0.02128601,0.05595612,0.026163269,-0.010312184,-0.025785187,-0.03406518,0.02363012,-0.039018054,-0.0043172226,0.0035870522,0.013828346,0.0012145882,0.0042888667,-0.008152391,0.004345579,0.0073442413,0.03429203,-0.024329571,-0.012344374,0.03245833,0.014565606,-0.028393952,-0.0133841,-0.028091487,0.018403137,-0.03240162,-0.018469302,0.0009263007,-0.0034665386,0.034726825,-0.012287662,0.03009532,-0.0032940386,0.015869988,-0.04635284,-0.00830835,-0.012609032,-0.011153417,0.010680814,0.013100538,-0.01578492,0.014783002,0.0113424575,-0.06166516,-0.052402154,-0.016077934,-0.05100325,0.010557937,0.030567922,-0.009400061,-0.025123542,0.022684915,-0.014414373,-0.020756697,0.0022732175,-0.0083792405,0.032855317,-0.024726557,-0.012410539,-0.023062997,-0.042004902,0.022666011,-0.030152032,-0.12431333,-0.036031205,-0.0017439028,0.023573408,-0.015378482,-0.0028592444,-0.022552585,0.019130945,-0.023006285,-0.010453965,0.010548485,0.031116141,-0.032363813,-0.04933969,-0.044613667,0.044197775,0.024235051,-0.00078983675,0.054405987,0.050814208,-0.047487088,0.0064415704,-0.037411205,-0.020756697,0.017013686,0.049377497,-0.022174504,0.040265724,0.008303624,0.0121742375,-0.00997191,-0.025142448,0.051305715,0.006696776,-0.00027351864,0.0016375673,0.021304917,0.022495873,-0.033006553,-0.0048630787,0.02285505,-0.017750945,0.007675063,0.007126844,-0.011871772,-0.019490123,-0.011191225,0.032212578,-0.046730924,0.040492572,0.031210661,0.031588744,0.011616567,-0.021550668,-0.026806008,0.03166436,0.032874223,-0.0014390743,-0.0032302374,0.03009532,-0.06828159,0.015643138,-0.032609563,-0.00058366393,0.041324355,-0.0018679609,0.047827363,-0.02865861,-0.037316684,-0.013610949,0.009381157,0.012939854,0.014575058,0.018025056,-0.03707093,0.020529848,0.010075883,-0.020510944,-0.062421322,-0.012958758,0.036579426,-0.03557751,-0.0096788965,-0.0003104407,-0.009745061,-0.00941424,0.030662443,0.0013221052,0.026806008,0.015293414,-0.007953898,-0.013488072,0.03682518,0.009125953,0.015869988,0.027694501,0.009310267,-0.035237234,-0.023649024,-0.03909367,0.006129653,-0.037052028,-0.027562171,-0.05013366,-0.048205443,-0.004352668,-0.020208478,0.03387614,-0.018157383,-0.009811225,-0.006725132,-0.032533947,-0.0026938336,0.02238245,0.037732575,-0.0030506484,-0.027051762,0.008374514,-0.029830663,-0.005127736,0.0023866422,0.006351776,0.010614649,-0.043365996,0.016040126,-0.021720806,-0.022250121,0.03816737,-0.02570957,0.012684648,0.019773684,-0.002568594,-0.019792588,-0.0032609564,0.033195592,0.017798206,-0.0009387065,-0.003932052,0.0044684554,-0.020983547,0.018403137,0.043139145,-0.01532177,-0.0007650251,-0.018289713,0.033176687,7.8717836e-05,0.043970928,-0.03803504,-0.042118326,0.009773417,-0.04158901,0.013355743,-0.021134779,0.023157516,0.013686566,0.012665744,0.008521021,0.032061346,0.044386815,0.01860163,0.028507376,0.008331981,0.018166836,0.00011837213,-0.043176953,-0.009650541,-0.040454764,-0.02487779,-0.010312184,-0.031910114,0.0034429084,-0.038072847,-0.0010574479,0.0058508175,0.029528197,0.013232867,-0.033857234,-0.042080518,-0.016125193,0.0005228164,-0.016456015,-0.030133128,-0.031324085,-0.047184624,0.023441078,0.03843203,0.0042605107,-0.0008294172,0.0023712825,0.0015524989,0.013648757,0.02081341,-0.0003154621,-0.035199426,0.020378616,0.0026961965,-0.037959423,-0.0073300633,-0.0010202304,0.018110124,-0.041324355,0.015671495,0.021701902,0.03780819,-0.010964375,0.008502117,0.0020262827,-0.019045876,-0.02026519,-0.00629979,-0.014064647,-0.01929163,0.04578572,0.038053945,-0.043176953,-0.022401353,-0.01103054,-0.01624807,0.0034594494,0.0005242933,0.013535333,-0.008038967,-0.033800524,-0.016607247,-0.025804091,-0.0029065048,-0.0071788304,-0.0021219847,0.021002451,0.014102455,0.061740775,-0.016285878,0.01897026,0.014461633,0.051456947,-0.004759106,-0.008100405,-0.0001934716,0.024027105,-0.006072941,0.024726557,0.008157117,0.01952793,0.014055195,0.001387088,0.032326,-0.01864889,0.014764098,-0.025558338,0.015444646,-0.014055195,-0.006890543,0.012637388,-0.03434874,0.026938336,-0.0056948587,0.013072182,0.011805608,-0.021248203,-0.004579517,0.043630652,0.0077648573,0.00431486,0.07803611,0.06397146,-0.010539033,-0.039169285,-0.006295064,0.010482321,0.0028403404,-0.077090904,0.026427926,0.035067096,0.01805341,0.0022448613,-0.0263145,-0.0038020862,-0.015274509,-0.03595559,0.014943687,-0.021040259,-0.028545184,0.01375273,-0.000119701326,0.010453965,-0.009589102,0.0043172226,-0.00021710173,0.010170404,-0.003981675,0.005519996,0.011512594,0.06642899,-0.029509293,0.012467251,0.0058839,0.018214095,-0.0038847916,-0.016115742,-0.039660793,0.010274376,0.012741361,-0.04139997,-0.055540234,0.029452581,0.018025056,0.019792588,-0.054632835,-0.0030860936,-0.013733826,-0.0025189708,-0.003958045,-0.0058082836,-0.016853001,-0.005789379,-0.01227821,0.005888626,-0.0056286943,-0.0022885771,-0.053687632,0.0031262648,0.009362253,0.0012264032,-0.016588343,0.0438575,-0.014319852,-0.040605996,0.038053945,0.032571755,0.013667661,-0.013270675,0.009527665,0.0012346738,0.04933969,0.03421641,0.02788354,0.04699558,-0.008705336,0.04332819,0.0024161797,-0.015766015,-0.050889824,-0.007712871,-0.00080224255,-0.0068196524,0.043101337,-0.0013398278,0.022817243,-0.05455722,-0.027108474,0.04204271,0.051456947,-0.010860403,-0.008228008,-0.02561505,0.008242185,-0.010066431,0.050020237,0.022949573,0.02247697,-0.022079984,0.011729991,-0.012722456,-0.037449013,0.0036910246,-0.003570511,-0.00786883,-0.02852628,0.033516962,0.03041669,0.012287662,-0.046957772,-0.01306273,0.055691466,0.023062997,0.005501092,0.046693116,-0.02160738,0.006536091,0.0010704444,0.0026536623,-0.043101337,0.055502426,0.0018313343,-0.01749574,-0.0016978241,0.008109857,0.012845333,0.01850711,-0.013213963,0.021947656...",A_0_chunk_5,apartamento,"Santa Joana, Aveiro",€195.000,1,2025-07-07 11:45:04.143766,2025-07-07 11:45:04.143766,A_0,A,T1,0
6,"Para quem é ideal este apartamento?
O Flat A é perfeito para:
Jovens profissionais ou casais à procura de primeira habitação, investidores à procura de imóveis com potencial de valorização e arrendamento, reformados que valorizam um terraço amplo e uma casa prática, quem deseja combinar vida urbana com tranquilidade e contacto com o exterior. Condições de financiamento
Aceitam-se propostas com ou sem financiamento bancário. Trabalhamos com parceiros especializados que podem ajudar a encontrar as melhores condições de crédito habitação no mercado, com simulações gratuitas e apoio personalizado em todo o processo de aprovação.
Marcação de visita e mais informações: Agende já uma visita virtual ou presencial. Disponível para visita imediata.
Agente virtual: Pode colocar qualquer questão sobre o apartamento, o condomínio, financiamento ou localização – estamos prontos para esclarecer todas as dúvidas.","[-0.01846833,0.0074679316,-0.0101496205,0.04006115,-0.0038434225,0.0017488195,-0.017572774,-0.001508761,0.014129864,-0.028001012,0.0014913474,-0.023025708,0.0026866642,-0.038787473,0.017731985,0.023582943,-0.029394098,-0.015035369,0.014786604,0.016448356,0.011592459,-0.042907022,-0.02666763,-0.023364028,-0.04513596,-0.032160368,-0.02845874,-0.025871582,0.014050259,0.009328695,0.010706855,-0.0051892423,0.030647874,0.016567763,-0.016756825,0.024000868,-0.03661824,-0.013214408,0.009502831,-0.009592387,0.024896422,0.10897906,-0.016070232,0.025433755,-0.02093608,0.01865739,-0.0010678247,0.053414866,-0.022647586,0.013990556,0.011453151,0.020876376,0.0090401275,0.016647369,-0.0019751957,0.003445398,-0.026190002,-0.041792557,0.04497675,0.031006096,0.035145547,0.04772312,0.013532828,0.08310748,-0.07538581,0.014468185,-0.017871292,0.05950464,-0.032896712,0.0044528972,0.00022000173,-0.010239176,0.030130442,0.0044081197,-0.02338393,-0.060579304,-0.0057166247,-0.04991225,-0.04006115,0.014020408,-0.04461853,-0.04238959,-0.05413131,0.042429395,-0.0019490754,-0.03586199,-0.018975811,-0.04449912,0.0014005481,0.03958352,0.015741862,0.03550377,-0.02061766,0.019324081,0.005935538,0.046409637,-0.012169594,-0.0130850505,0.009542634,0.02863785,0.02569247,-0.022309264,0.036896855,-0.013831345,0.00022000173,-0.021612722,-0.014995567,-0.0032986267,0.03237928,-0.00027706227,0.003318528,0.0457728,0.0024951152,0.058111552,-0.00514944,0.007443055,0.015950825,-0.02632931,-0.014816456,-0.050389882,-0.0031369294,0.009472979,-0.013333815,0.027443778,-0.015443345,-0.025175039,0.00604997,-0.0042489097,-0.028180122,-0.006443019,0.035702784,0.0073833517,-0.04334485,0.02766269,-0.041275125,-0.006035044,-0.0077415733,0.014478135,0.011861125,0.01078646,0.053375065,0.0057216,-0.031782243,-0.0021082852,-0.006393266,0.0116621135,-0.028538344,-0.022189857,0.018936008,0.01736381,-0.008796338,0.01373184,-0.016398603,-0.017940948,0.016060282,-0.035901796,-0.004020046,-0.017433466,-0.01488611,0.0018831526,-0.00033334538,-0.0425488,0.007950536,0.03092649,0.009035152,0.01650806,-0.059584245,-0.028677654,-0.061733574,0.054051705,0.034249995,-0.058628984,-0.03629982,0.0392452,-0.01178152,0.03349375,0.014985616,-0.05866879,0.028578147,-0.020737069,0.009189387,-0.00075997773,0.023423733,-0.051424745,-0.012348705,0.011264089,-0.05333526,-0.013930852,-0.043305047,0.040220357,0.004447922,-0.049156006,-0.055842813,0.032518588,0.022468474,-0.007945561,-0.053375065,0.026229804,-0.022528177,0.007985364,-0.036419228,-0.035145547,-0.0015784153,-0.049991857,0.034468908,0.0017413564,0.0133039635,0.0054927357,0.020418648,-0.027443778,0.033971377,0.005248946,0.022985905,0.060300685,-0.005870859,-0.04398169,-0.003937953,-0.015075171,0.016149838,0.046051417,-0.06018128,0.0058161304,0.028120419,0.01651801,-0.006637056,0.012836285,0.026448717,-0.026767137,-0.0022625197,-0.046648454,-0.030986195,-0.026130298,-0.022866499,-0.038250137,0.042469196,0.03335444,0.01945344,0.018557886,-0.020995785,-0.021791833,-0.023921262,0.0084182145,0.010020263,-0.017702132,0.019901216,-0.0010622274,-0.019692253,-0.04772312,0.03421019,0.028399037,0.05640005,0.011035224,0.018239465,0.02191124,0.019712156,-0.020916179,0.014836357,-0.009995386,0.012298952,-0.005313625,0.040299963,0.0033633057,0.0024851644,-0.04314584,0.065793425,0.01684638,-0.009696868,0.0029951332,-0.024418794,-0.009104807,-0.03890688,-0.016080184,-0.034289796,0.025931286,-0.013711939,0.03206086,-0.0074132034,-0.021791833,-0.04712608,0.0039081015,-0.032598194,0.02762289,-0.0008259005,-0.015542851,0.015662258,0.014219419,0.038389448,-0.015950825,-0.03566298,0.023085412,0.0572757,-0.007258969,0.009841152,-0.016796626,0.018418577,-0.030389158,0.014766703,-0.051623758,0.016010528,0.024816817,0.028578147,0.00015477861,0.05429052,0.007816203,-0.00662213,0.003932978,0.009174461,0.06185298,0.010686954,-0.017751886,0.027881606,0.06933584,-0.0126372725,-0.040160656,-0.032916613,-0.029015975,0.03550377,-0.03645903,-0.023921262,-0.020040525,-0.046489242,-0.008069944,-0.013065149,0.02012013,0.0033210155,-0.0064081918,0.032777306,2.7092086e-05,0.010179472,-0.009935683,0.030329455,-0.01748322,0.0061544515,0.0115725575,-0.02109529,0.04123532,-0.0018147422,0.011532756,-3.2786476e-05,-0.013184556,-0.008109746,-0.051106326,-0.01913502,0.027105458,0.029075678,-0.041832358,0.028279629,-0.029732417,0.025135238,0.019742006,-0.006761438,-0.050310276,-0.05528558,0.0016381189,0.005841007,0.005069835,0.04824055,-0.013970654,-0.10818301,0.01079641,-0.00077987893,-0.012358656,-0.009204313,-0.004890724,-0.0028259729,0.0017799151,0.031642936,0.0056171184,-0.062450018,-0.020657463,-0.050071463,-0.0034055957,-0.034249995,0.015065221,-0.035424165,-0.02585168,0.03186185,-0.008353536,0.031981256,-0.012696977,0.020498253,0.011194435,-0.046131022,-0.011532756,0.01831907,0.045255367,-0.014567691,-0.02435909,-0.00078174466,0.037533697,0.016428454,0.003661824,-0.03466792,0.024796916,0.06555461,-0.013582581,0.029254789,0.040479075,-0.008895844,-0.07076873,0.0019727082,-0.045374773,0.03464802,-0.014995567,-0.013771642,-0.020398747,0.030787183,0.0025336738,-0.013313914,-0.034468908,0.01700559,-0.06280824,0.015851319,0.054330323,0.026607927,-0.032040957,0.031225009,0.014975666,-0.008796338,-0.030826986,-0.0037339658,0.008821215,-0.03858846,-0.04971324,-0.017602626,0.016269244,0.03890688,-0.008517721,-0.15069202,-0.018358873,-0.016169738,-0.003840935,-0.0042066197,-0.005592242,-0.044936948,0.01863749,-0.031085702,-0.011154632,0.0035996325,-0.0084182145,-0.012886038,-0.04660865,0.006945525,-0.00035386853,-0.0055474644,-0.007945561,0.06153456,0.075903244,-0.036260016,0.023503337,-0.052897435,-0.008433141,0.023762053,-0.014030358,-0.046409637,0.020319143,-0.004283737,0.04402149,0.0036667993,0.026050692,0.03305592,0.008288857,0.025095435,-0.0009689405,0.028200025,0.02057786,-0.06300725,0.04680766,-0.011254138,-0.016746875,0.01095562,0.0018085231,0.035105746,0.025811879,0.007856006,-0.0049156006,0.013930852,0.006447994,0.009791398,-0.004910625,0.02191124,-0.029573208,-0.018378774,0.031981256,0.006184303,0.018199664,-0.010497892,-0.022468474,-0.015682159,0.021234598,0.010378485,-0.0014888598,0.026369112,-0.0034901758,0.028120419,-0.029513504,-0.014796555,-0.010358583,0.011761619,0.01684638,-0.012776582,0.0021281864,-0.055842813,0.04565339,-0.0031294664,0.030807083,-0.040658187,-0.041633345,-0.038309842,0.015771715,-0.029851826,0.022508277,-0.020896278,0.0065176487,-0.0035374414,-0.0053086495,-0.014488086,0.03239918,0.010209324,-0.021314204,0.008671955,0.016279195,0.018876305,-0.0011281503,0.026249705,-0.0027762197,-0.036737647,-0.0015585141,-0.00057184906,-0.0028931394,-0.021553017,-0.014478135,-0.061574366,0.003753867,-0.028498543,0.016468257,-0.008950572,-0.018130008,0.004283737,-0.030110542,-0.012219347,0.0064081918,0.027185062,0.004084725,-0.03076728,-0.029095579,0.0057862788,-0.00094779546,-0.023841659,0.008731659,0.03009064,-0.0016393628,0.019990772,-0.005378304,-0.01829917,0.008562499,-0.0061196242,0.022209758,0.0054330323,0.0006903235,-0.007457981,-0.009676967,-0.007990339,-0.016020479,-0.006263908,0.0037240153,0.016129937,-0.03779241,-0.018677292,0.00033645495,0.004360854,-0.018846452,-0.003661824,0.039046187,0.012080039,0.030787183,-0.01749317,-0.00972672,-0.02404067,0.008448066,0.012289002,-0.022667486,0.0033657933,0.050310276,0.012856186,-0.03661824,0.0070400555,0.019105168,0.0036294844,-0.0024080472,0.007751524,-0.011582509,-0.031981256,-0.017274257,0.02569247,0.026787037,-0.013104951,0.04398169,-0.032339476,0.0057315505,0.019055415,-0.0029229913,0.0028732382,-0.006388291,-0.017115047,-0.03172254,-0.049474426,-0.0277821,-0.035961498,-0.01832902,0.004025021,0.0018893718,-0.0057464764,-0.0058758343,0.0064231176,0.019901216,0.010154596,0.019980822,0.0051743165,0.022050548,-0.010089917,0.057355307,0.0072390675,0.024976026,0.03711577,0.004311101,0.01242831,-0.030130442,0.03297632,-0.036538634,0.042787615,0.028717456,0.02340383,0.0085824,-0.013771642,0.014637345,-0.008856041,-0.0018184737,-0.00016216382,-0.0425488,-0.029692616,0.049952053,0.024816817,0.0029652813,-0.02322472,-0.014119914,0.038508855,0.0050325203,-0.023045609,-0.0043135886,0.018120058,-0.0012313878,0.028657753,0.0009851102,-0.007388327,0.036279917,0.014856258,0.0075773885,0.023463534,0.050350077,-0.017383713,0.06682829,0.01178152,0.0474445,-0.02372225,0.0147269005,0.004288712,-0.019662403,-0.039185498,-0.00867693,0.005283773,0.010094892,0.0375934,0.00989588,0.008806288,-0.028339332,0.0014938351,-0.04203137,-0.03844915,0.0041419407,0.0030200097,-0.021015685,-0.020319143,0.020657463,-0.017911095,0.054887556,0.039822336,-0.014806505,0.015463245,0.009074955,0.008652054,0.013095001,0.061056934,-0.0027513432,0.04939482,0.010368534,-0.046966873,0.0024490936,0.027503481,-0.07626146,0.01013967,0.022329165,0.000118008,-0.005627069,-0.0036369474,0.008761511,-0.026866643,-0.012517866,0.048320156,-0.0041991565,0.008482894,-0.01357263,0.03614061,-0.04207117,-0.01194073,0.0012985544,-0.015453295,0.019085268,0.032100663,0.0043931934,0.007945561,0.009303818,-0.011890977,0.0008557523,0.009866028,0.0015274184,-0.015403542,-0.014199519,0.0019938531,0.0070301048,0.01945344,0.016985688,-0.0085077705,0.039285,0.036717746,0.020796772,-0.030409059,0.009234165,-0.01783149,-0.029891627,0.04041937,0.009214263,-0.0036916758,0.019582797,0.007179364,0.0011953168,0.041354727,-0.01636875,-0.018886255,0.022826696,0.021931142,0.0032787255,0.017413564,0.009965534,-0.046648454,-0.00924909,-0.0020759457,0.010816311,-0.0077764005,-0.022090351,0.025254644,-0.0061544515,0.026448717,0.016906084,0.030508565,0.034449007,-0.018528033,0.027921407,0.018727046,-0.02238887,-0.017532973,0.011343693,0.021334104,-0.01782154,0.029195085,0.00089493283,0.004992718,-0.0074132034,-0.03616051,0.022647586,0.03349375,0.016886182,-0.028717456,0.02045845,0.0030274726,0.0024951152,0.033991277,-0.004054873,0.008517721,0.0011082491,0.032160368,0.011811372,-0.016806578,-0.017532973,-0.0063683894,0.036001302,-0.0047414647,0.041633345,0.00091359025,-0.0155727025,-0.03351365,-0.050907314,0.013224359,0.023324227,0.033414144,0.02370235,0.012129792,-0.009423226,0.013602482,0.03618041,-0.015821468,0.029891627,0.0073833517,-0.0077813757,0.024637707,0.035543572,0.04171295,-0.0052091437,-0.01570206,-0.0122392485,0.05492736,...",A_0_chunk_6,apartamento,"Santa Joana, Aveiro",€195.000,1,2025-07-07 11:49:49.882449,2025-07-07 11:49:49.882449,A_0,A,T1,0